{
    "blades": [
        {
            "radial_pos_m": 0.1,
            "chord_len_m": 2.933592169136464,
            "twist_rad": 0.30760853019677215,
            "naca": "2412",
            "coordinate_file": ""
        },
        {
            "radial_pos_m": 0.3,
            "chord_len_m": 2.6549347887717456,
            "twist_rad": 0.2275228458729879,
            "naca": "2412",
            "coordinate_file": ""
        }
    ],
    "rotor_hub_radius_m": 0.1,
    "rotor_radius_m": 0.3,
    "num_blades": 2,
    "tip_speed_ratio": 3.5,
    "wind_speed_mps": 10.0
}